id,dificultad,tablero,solucion
'SU001','Média'  ,'34****2**5*9******2*75*8**9***1528***61***5*29**4*******8*****7****3**5***2**1***',,
'SU002','Média'  ,'*87***********9**762**3*********652*******6****12*7*3****96****5**1*4*89*49*****3',,
'SU003','Média'  ,'**75*623**5*13*6*71*6*7*8**86***297327*85**6434***7*28***32*7**6*8*41*9**936****2',,
'SU004','Dificil','***5**4*15*36*******27****37***69***3*9***7*4***1**2**25**3**8*6**85*************',,
'SU005','Média'  ,'**32**7***1***7**6**9*5*4******14*5*********2****3****9*83***************71*8*93*',,
'SU006','Média'  ,'**1**********8749**********2****31*4*3*2***7*5*8******9***58*2**1*7*6******9***45',,
'SU007','Média'  ,'6****1***584******9**67********27169***19*7*8*********1**9**4********8*****8*4*12',,
'SU008','Média'  ,'****82****3**6***2*85****13*********1*9*4*5277**91******15***8**9673**5********7*',,
'SU010','Média'  ,'****5*****19**6**2**4***3*94**62*************6*85***3*7*54**2******1**852*****9*7',,
'SU011','Média'  ,'3**4**58***6***1********3*9*********83*****2***2**6*719643*2*******4***82*7******',,
'SU012','Média'  ,'3*61**7801************64**982***9**5*****29605****7****374**********8******5****4',,
'SU013','Fácil'  ,'*1*7*24***6****81**3**48**915***693**2*********953*1***9**2***48*****5**24*85*3*1',,
'SU014','Dificil','*****9*632*5*6***1*8*1******6*2***5*9******4***285*6***7***61*****9*****1*3*8*5**',,
'SU015','Média'  ,'**********6***83******51****3*2***6**4*****3161**9**58******4**5*1**9*239*43*****',,
'SU016','Média'  ,'15**3****4*86*7****3****95******84*7*7**************15***874**********2*61***93**',,
'SU017','Média'  ,'3***1**9**1***3*****79******8**251***2**91**5********82**6**94*4*****2**5**7*****',,
'SU019','Dificil','*1***9****826***94*****8**514**5***8**91***5*****2*6**6*4**5****9******7***73****',,
'SU020','Fácil','*8*7**5*26*41*3**9*2*8**1*6**2**1*5*1****7698***53***1248*6*7****3*78*65**7*12*8*','381796542654123879729854136492681357135247698876539421248965713913478265567312984'
'SU020','Fácil','*8*7**5*26*41*3**9*2*8**1*6**2**1*5*1****7698***53***1248*6*7****3*78*65**7*12*8*','381796542654123879729854136492681357135247698876539421248965713913478265567312984'
'SU020','Fácil','*8*7**5*26*41*3**9*2*8**1*6**2**1*5*1****7698***53***1248*6*7****3*78*65**7*12*8*','381796542654123879729854136492681357135247698876539421248965713913478265567312984'
'SU020','Fácil','*8*7**5*26*41*3**9*2*8**1*6**2**1*5*1****7698***53***1248*6*7****3*78*65**7*12*8*','381796542654123879729854136492681357135247698876539421248965713913478265567312984'
'SU021','Fácil','*8*7**5*26*41*3**9*2*8**1*6**2**1*5*1****7698***53***1248*6*7****3*78*65**7*12*8*','381796542654123879729854136492681357135247698876539421248965713913478265567312984'
'SU022','Fácil','*8*7**5*26*41*3**9*2*8**1*6**2**1*5*1****7698***53***1248*6*7****3*78*65**7*12*8*','381796542654123879729854136492681357135247698876539421248965713913478265567312984'